INSERT INTO application VALUES (20100101, 1, 10.70, "Candy Crush", NULL, "3D", 45, NULL, NULL, NULL, NULL, NULL);
INSERT INTO application (date_of_upload, price, app_name, description, genre, no_of_downloads, icon, app_file, screenshot_1, screenshot_2, screenshot_3 ) VALUES (20100102, 9.70, "Temple Run", NULL, "3D", 50, NULL, NULL, NULL, NULL, NULL );
INSERT INTO application (date_of_upload, price, app_name, description, genre, no_of_downloads, icon, app_file, screenshot_1, screenshot_2, screenshot_3) VALUES (20100103, 8.70, "Temple Run 2", NULL, "3D", 55, NULL, NULL, NULL, NULL, NULL);
INSERT INTO application (date_of_upload, price, app_name, description, genre, no_of_downloads, icon, app_file, screenshot_1, screenshot_2, screenshot_3) VALUES (20100104,  0, "Race", NULL, "3D", 15, NULL, NULL, NULL, NULL, NULL);
INSERT INTO application (date_of_upload, price, app_name, description, genre, no_of_downloads, icon, app_file, screenshot_1, screenshot_2, screenshot_3) VALUES (20100105, 8, "Subway Surfer", NULL, "3D", 20, NULL, NULL, NULL, NULL, NULL);
INSERT INTO application (date_of_upload, price, app_name, description, genre, no_of_downloads, icon, app_file, screenshot_1, screenshot_2, screenshot_3) VALUES (20100106, 7, "Tetris", NULL, "2D", 100, NULL, NULL, NULL, NULL, NULL);
INSERT INTO application (date_of_upload, price, app_name, description, genre, no_of_downloads, icon, app_file, screenshot_1, screenshot_2, screenshot_3)VALUES (20100107, 0, "Brick Breaker", NULL, "2D", 60, NULL, NULL, NULL, NULL, NULL);
INSERT INTO application (date_of_upload, price, app_name, description, genre, no_of_downloads, icon, app_file, screenshot_1, screenshot_2, screenshot_3) VALUES (20100108, 0.10, "Aircraft", NULL, "2D", 10, NULL, NULL, NULL, NULL, NULL);
INSERT INTO application (date_of_upload, price, app_name, description, genre, no_of_downloads, icon, app_file, screenshot_1, screenshot_2, screenshot_3) VALUES (20100109, 0,"Flappy Bird", NULL, "2D", 150, NULL, NULL, NULL, NULL, NULL);
INSERT INTO application (date_of_upload, price, app_name, description, genre, no_of_downloads, icon, app_file, screenshot_1, screenshot_2, screenshot_3) VALUES (20100110, 0, "Bowling", NULL, "3D", 20, NULL, NULL, NULL, NULL, NULL);
INSERT INTO application (date_of_upload, price, app_name, description, genre, no_of_downloads, icon, app_file, screenshot_1, screenshot_2, screenshot_3) VALUES (20100111, 10.70, "Cricket", NULL, "3D", 20, NULL, NULL, NULL, NULL, NULL);
INSERT INTO application (date_of_upload, price, app_name, description, genre, no_of_downloads, icon, app_file, screenshot_1, screenshot_2, screenshot_3) VALUES (20100112, 10.70,  "Carrom", NULL, "2D", 15, NULL, NULL, NULL, NULL, NULL);
INSERT INTO application (date_of_upload, price, app_name, description, genre, no_of_downloads, icon, app_file, screenshot_1, screenshot_2, screenshot_3) VALUES (20100113, 1, "Basket Ball", NULL, "3D", 30, NULL, NULL, NULL, NULL, NULL);
INSERT INTO application (date_of_upload, price, app_name, description, genre, no_of_downloads, icon, app_file, screenshot_1, screenshot_2, screenshot_3) VALUES (20100114, 10.00, "Flip Cup", NULL, "3D", 30, NULL, NULL, NULL, NULL, NULL);
INSERT INTO application (date_of_upload, price, app_name, description, genre, no_of_downloads, icon, app_file, screenshot_1, screenshot_2, screenshot_3) VALUES (20100115, 0.70, "Game on", NULL, "2D", 5, NULL, NULL, NULL, NULL, NULL);
INSERT INTO application (date_of_upload, price, app_name, description, genre, no_of_downloads, icon, app_file, screenshot_1, screenshot_2, screenshot_3) VALUES (20100116, 10.70, "Farmville", NULL, "3D", 20, NULL, NULL, NULL, NULL, NULL);
INSERT INTO application (date_of_upload, price, app_name, description, genre, no_of_downloads, icon, app_file, screenshot_1, screenshot_2, screenshot_3) VALUES (20100117,  0, "Pokemon", NULL, "3D", 100, NULL, NULL, NULL, NULL, NULL);
INSERT INTO application (date_of_upload, price, app_name, description, genre, no_of_downloads, icon, app_file, screenshot_1, screenshot_2, screenshot_3) VALUES (20100118, 10.70, "SuperMario", NULL, "3D", 50, NULL, NULL, NULL, NULL, NULL);
INSERT INTO application (date_of_upload, price, app_name, description, genre, no_of_downloads, icon, app_file, screenshot_1, screenshot_2, screenshot_3) VALUES (20100119, 10.00, "Mario", NULL, "2D", 100, NULL, NULL, NULL, NULL, NULL);
INSERT INTO application (date_of_upload, price, app_name, description, genre, no_of_downloads, icon, app_file, screenshot_1, screenshot_2, screenshot_3) VALUES (20100120, 10.70, "Pacman", NULL, "2D", 150, NULL, NULL, NULL, NULL, NULL);
INSERT INTO application (date_of_upload, price, app_name, description, genre, no_of_downloads, icon, app_file, screenshot_1, screenshot_2, screenshot_3) VALUES (20171122, 10.70, "Pacman2", NULL, "2D", 150, NULL, NULL, NULL, NULL, NULL);

INSERT INTO feedback VALUES ("1", 2, NULL, 20100101);
INSERT INTO feedback (stars, comments, feed_date) VALUES (2, NULL, 20100102);
INSERT INTO feedback (stars, comments, feed_date) VALUES (3, NULL, 20100103);
INSERT INTO feedback (stars, comments, feed_date) VALUES (5, NULL, 20100104);
INSERT INTO feedback (stars, comments, feed_date) VALUES (2, NULL, 20100105);
INSERT INTO feedback (stars, comments, feed_date) VALUES (4, NULL, 20100106);
INSERT INTO feedback (stars, comments, feed_date) VALUES (1, NULL, 20100107);
INSERT INTO feedback (stars, comments, feed_date) VALUES (5, NULL, 20100108);
INSERT INTO feedback (stars, comments, feed_date) VALUES (2, NULL, 20100109);
INSERT INTO feedback (stars, comments, feed_date) VALUES (3, NULL, 20100110);
INSERT INTO feedback (stars, comments, feed_date) VALUES (1, NULL, 20100111);
INSERT INTO feedback (stars, comments, feed_date) VALUES (5, NULL, 20100112);
INSERT INTO feedback (stars, comments, feed_date) VALUES (3, NULL, 20100113);
INSERT INTO feedback (stars, comments, feed_date) VALUES (5, NULL, 20100114);
INSERT INTO feedback (stars, comments, feed_date) VALUES (5, NULL, 20100115);
INSERT INTO feedback (stars, comments, feed_date) VALUES (4, NULL, 20100116);
INSERT INTO feedback (stars, comments, feed_date) VALUES (2, NULL, 20100117);
INSERT INTO feedback (stars, comments, feed_date) VALUES (5, NULL, 20100118);
INSERT INTO feedback (stars, comments, feed_date) VALUES (4, NULL, 20100119);
INSERT INTO feedback (stars, comments, feed_date) VALUES (2, NULL, 20100120);

ALTER TABLE auth_user
ADD DOB date;
INSERT INTO auth_user (password, last_login, is_superuser, username, first_name, last_name, email, is_staff, is_active, date_joined, DOB) VALUES ("password1", 20110103, 0, "username1", "aastha", "chouhan", "username1@abc.com", 0, 0, 20100103, NULL);
INSERT INTO auth_user (password, last_login, is_superuser, username, first_name, last_name, email, is_staff, is_active, date_joined, DOB) VALUES ("password2", 20110104, 0, "username2", "Mayli", "Yap", "username2@abc.com", 0, 0, 20100103, NULL);
INSERT INTO auth_user (password, last_login, is_superuser, username, first_name, last_name, email, is_staff, is_active, date_joined, DOB) VALUES ("password3", 20110105, 0, "username3", "Ruiyi", "Chee", "username3@abc.com", 0, 0, 20100103, NULL);
INSERT INTO auth_user (password, last_login, is_superuser, username, first_name, last_name, email, is_staff, is_active, date_joined, DOB) VALUES ("password4", 20110106, 0, "username4", "Ji Sheng", "Yin", "username4@abc.com", 0, 0, 20100103, NULL);
INSERT INTO auth_user (password, last_login, is_superuser, username, first_name, last_name, email, is_staff, is_active, date_joined, DOB) VALUES ("password5", 20110107, 0, "username5", "matthew", "matt", "username5@abc.com", 0, 0, 20100103, NULL);
INSERT INTO auth_user (password, last_login, is_superuser, username, first_name, last_name, email, is_staff, is_active, date_joined, DOB) VALUES ("password6", 20110108, 0, "username6", "Shalv", "Parekh", "username6@abc.com", 0, 0, 20100103, NULL);
INSERT INTO auth_user (password, last_login, is_superuser, username, first_name, last_name, email, is_staff, is_active, date_joined, DOB) VALUES ("password7", 20110109, 0, "username7", "anu", "chopra", "username7@abc.com", 0, 0, 20100103, NULL);
INSERT INTO auth_user (password, last_login, is_superuser, username, first_name, last_name, email, is_staff, is_active, date_joined, DOB) VALUES ("password8", 20110110, 0, "username8", "kelly", "khoo", "username8@abc.com", 0, 0, 20100103, NULL);
INSERT INTO auth_user (password, last_login, is_superuser, username, first_name, last_name, email, is_staff, is_active, date_joined, DOB) VALUES ("password9", 20110111, 0, "username9", "choo", "jiahui", "username9@abc.com", 0, 0, 20100103, NULL);
INSERT INTO auth_user (password, last_login, is_superuser, username, first_name, last_name, email, is_staff, is_active, date_joined, DOB) VALUES ("password10", 20110112, 0, "username10", "jayne", "lim", "username10@abc.com", 0, 0, 20100103, NULL);
INSERT INTO auth_user (password, last_login, is_superuser, username, first_name, last_name, email, is_staff, is_active, date_joined, DOB) VALUES ("password11", 20110113, 0, "username11", "asyiqin", "nurul", "username11@abc.com", 0, 0, 20100103, NULL);
INSERT INTO auth_user (password, last_login, is_superuser, username, first_name, last_name, email, is_staff, is_active, date_joined, DOB) VALUES ("password12", 20110114, 0, "username12", "shruthi", "shaghar", "username12@abc.com", 0, 0, 20100103, NULL);
INSERT INTO auth_user (password, last_login, is_superuser, username, first_name, last_name, email, is_staff, is_active, date_joined, DOB) VALUES ("password13", 20110115, 0, "username13", "joon", "keat", "username13@abc.com", 0, 0, 20100103, NULL);
INSERT INTO auth_user (password, last_login, is_superuser, username, first_name, last_name, email, is_staff, is_active, date_joined, DOB) VALUES ("password14", 20110116, 0, "username14", "deeksha", "shetty", "username14@abc.com", 0, 0, 20100103, NULL);
INSERT INTO auth_user (password, last_login, is_superuser, username, first_name, last_name, email, is_staff, is_active, date_joined, DOB) VALUES ("password15", 20110117, 0, "username15", "monisha", "jawahar", "username15@abc.com", 0, 0, 20100103, NULL);
INSERT INTO auth_user (password, last_login, is_superuser, username, first_name, last_name, email, is_staff, is_active, date_joined, DOB) VALUES ("password16", 20110118, 0, "username16", "jishna", "bole", "username16@abc.com", 0, 0, 20100103, NULL);
INSERT INTO auth_user (password, last_login, is_superuser, username, first_name, last_name, email, is_staff, is_active, date_joined, DOB) VALUES ("password17", 20110119, 0, "username17", "sita", "rajgopal", "username17@abc.com", 0, 0, 20100103, NULL);
INSERT INTO auth_user (password, last_login, is_superuser, username, first_name, last_name, email, is_staff, is_active, date_joined, DOB) VALUES ("password18", 20110120, 0, "username18", "amithabh", "bachhan", "username18@abc.com", 0, 0, 20100103, NULL);
INSERT INTO auth_user (password, last_login, is_superuser, username, first_name, last_name, email, is_staff, is_active, date_joined, DOB) VALUES ("password19", 20110121, 0, "username19", "kareena", "kapoor", "username19@abc.com", 0, 0, 20100103, NULL);
INSERT INTO auth_user (password, last_login, is_superuser, username, first_name, last_name, email, is_staff, is_active, date_joined, DOB) VALUES ("password20", 20110122, 0, "username20", "ed", "sheeren", "username20@abc.com", 0, 0, 20100103, NULL);


Insert into endorsement (eid, thumbs) values(1, 1);
Insert into endorsement (eid, thumbs) values(2, -1);
Insert into endorsement (eid, thumbs) values(3, -1);
Insert into endorsement (eid, thumbs) values(4, -1);
Insert into endorsement (eid, thumbs) values(5, -1);
Insert into endorsement (eid, thumbs) values(6, 1);
Insert into endorsement (eid, thumbs) values(7, 1);
Insert into endorsement (eid, thumbs) values(8, 1);
Insert into endorsement (eid, thumbs) values(9, 1);
Insert into endorsement (eid, thumbs) values(10, 1);
Insert into endorsement (eid, thumbs) values(11, 1);
Insert into endorsement (eid, thumbs) values(12, 1);
Insert into endorsement (eid, thumbs) values(13, 1);
Insert into endorsement (eid, thumbs) values(14, 1);
Insert into endorsement (eid, thumbs) values(15, 1);
Insert into endorsement (eid, thumbs) values(16, 1);
Insert into endorsement (eid, thumbs) values(17, 1);
Insert into endorsement (eid, thumbs) values (18,-1);
Insert into endorsement (eid, thumbs) values (19,1);
Insert into endorsement (eid, thumbs) values (20,-1);

Insert into receives (eid, fid) values (1, 4);
Insert into receives (eid, fid) values (2, 8);
Insert into receives (eid, fid) values (3, 4);
Insert into receives (eid, fid) values (4, 10);
Insert into receives (eid, fid) values (5, 11);
Insert into receives (eid, fid) values (6, 11);
Insert into receives (eid, fid) values (7, 12);
Insert into receives (eid, fid) values (8, 5);
Insert into receives (eid, fid) values (9, 20);
Insert into receives (eid, fid) values (10, 20);   #Which fids have received what endorsement
Insert into receives (eid, fid) values (11, 5);
Insert into receives (eid, fid) values (12, 8);
Insert into receives (eid, fid) values (13, 17);
Insert into receives (eid, fid) values (14, 4);
Insert into receives (eid, fid) values (15, 9);
Insert into receives (eid, fid) values (16, 9);
Insert into receives (eid, fid) values (17, 19);
Insert into receives (eid, fid) values (18, 12);
Insert into receives (eid, fid) values (19, 1);
Insert into receives (eid, fid) values (20, 14);

INSERT INTO writes (id, eid) VALUES (1, 5);
INSERT INTO writes (id, eid) VALUES (2, 9);
INSERT INTO writes (id, eid) VALUES (6, 19);
INSERT INTO writes (id, eid) VALUES (7, 20);
INSERT INTO writes (id, eid) VALUES (9, 8);
INSERT INTO writes (id, eid) VALUES (18, 6);
INSERT INTO writes (id, eid) VALUES (3, 16);
INSERT INTO writes (id, eid) VALUES (1, 14);
INSERT INTO writes (id, eid) VALUES (5, 10);
INSERT INTO writes (id, eid) VALUES (8, 7);
INSERT INTO writes (id, eid) VALUES (12, 1);
INSERT INTO writes (id, eid) VALUES (15, 2);
INSERT INTO writes (id, eid) VALUES (17, 4);
INSERT INTO writes (id, eid) VALUES (11, 3);
INSERT INTO writes (id, eid) VALUES (1, 11);
INSERT INTO writes (id, eid) VALUES (1, 12);
INSERT INTO writes (id, eid) VALUES (15, 13);
INSERT INTO writes (id, eid) VALUES (18, 17);
INSERT INTO writes (id, eid) VALUES (20, 18);
INSERT INTO writes (id, eid) VALUES (14, 15);


INSERT INTO gives (id, aid, fid) VALUES (1,1,1);
INSERT INTO gives (id, aid, fid) VALUES (2,1,2);
INSERT INTO gives (id, aid, fid) VALUES (3,2,3);
INSERT INTO gives (id, aid, fid) VALUES (4,3,4);
INSERT INTO gives (id, aid, fid) VALUES (5,3,5);
INSERT INTO gives (id, aid, fid) VALUES (6,3,6);
INSERT INTO gives (id, aid, fid) VALUES (7,3,7);
INSERT INTO gives (id, aid, fid) VALUES (8,3,8);
INSERT INTO gives (id, aid, fid) VALUES (9,3,9);
INSERT INTO gives (id, aid, fid) VALUES (10,1,10);
INSERT INTO gives (id, aid, fid) VALUES (11,2,11);
INSERT INTO gives (id, aid, fid) VALUES (12,2,12);
INSERT INTO gives (id, aid, fid) VALUES (13,4,13);
INSERT INTO gives (id, aid, fid) VALUES (14,5,14);
INSERT INTO gives (id, aid, fid) VALUES (14,4,15);
INSERT INTO gives (id, aid, fid) VALUES (15,2,16);
INSERT INTO gives (id, aid, fid) VALUES (15,2,17);
INSERT INTO gives (id, aid, fid) VALUES (15,3,18);
INSERT INTO gives (id, aid, fid) VALUES (16,4,19);
INSERT INTO gives (id, aid, fid) VALUES (16,2,20);

INSERT INTO purchases (id, aid, purchase_date) VALUES (1,1,20150516);
INSERT INTO purchases (id, aid, purchase_date) VALUES (2,1,20140415);
INSERT INTO purchases (id, aid, purchase_date) VALUES (3,2,20160415);
INSERT INTO purchases (id, aid, purchase_date) VALUES (4,3,20170612);
INSERT INTO purchases (id, aid, purchase_date) VALUES (5,3,20140712);
INSERT INTO purchases (id, aid, purchase_date) VALUES (6,3,20130811);
INSERT INTO purchases (id, aid, purchase_date) VALUES (7,3,20190612);
INSERT INTO purchases (id, aid, purchase_date) VALUES (8,3,20180403);
INSERT INTO purchases (id, aid, purchase_date) VALUES (9,3,20120911);
INSERT INTO purchases (id, aid, purchase_date) VALUES (10,1,20110403);
INSERT INTO purchases (id, aid, purchase_date) VALUES (11,2,20110403);
INSERT INTO purchases (id, aid, purchase_date) VALUES (12,2,20120912);
INSERT INTO purchases (id, aid, purchase_date) VALUES (13,4,20130410);
INSERT INTO purchases (id, aid, purchase_date) VALUES (14,5,20140119);
INSERT INTO purchases (id, aid, purchase_date) VALUES (15,2,20160228);
INSERT INTO purchases (id, aid, purchase_date) VALUES (14,4,20150317);
INSERT INTO purchases (id, aid, purchase_date) VALUES (15,3,20180911);
INSERT INTO purchases (id, aid, purchase_date) VALUES (16,4,20190310);
INSERT INTO purchases (id, aid, purchase_date) VALUES (16,2,20110905);
INSERT INTO purchases (id, aid, purchase_date) VALUES (16,21,20171123);


INSERT INTO creates (id, aid) VALUES (1,1);
INSERT INTO creates (id, aid) VALUES (1,2);
INSERT INTO creates (id, aid) VALUES (1,3);
INSERT INTO creates (id, aid) VALUES (2,4);
INSERT INTO creates (id, aid) VALUES (3,5);
INSERT INTO creates (id, aid) VALUES (4,6);
INSERT INTO creates (id, aid) VALUES (7,7);
INSERT INTO creates (id, aid) VALUES (8,8);
INSERT INTO creates (id, aid) VALUES (10,9);
INSERT INTO creates (id, aid) VALUES (10,10);
INSERT INTO creates (id, aid) VALUES (10,11);
INSERT INTO creates (id, aid) VALUES (10,12);
INSERT INTO creates (id, aid) VALUES (11,13);
INSERT INTO creates (id, aid) VALUES (12,14);
INSERT INTO creates (id, aid) VALUES (13,15);
INSERT INTO creates (id, aid) VALUES (14,16);
INSERT INTO creates (id, aid) VALUES (15,17);
INSERT INTO creates (id, aid) VALUES (15,18);
INSERT INTO creates (id, aid) VALUES (18,19);
INSERT INTO creates (id, aid) VALUES (19,20);